metric,value
Expected Return Distance,0.24438578210261389
Volatility Distance,0.0010109014067437583
Sharpe Ratio Distance,1.199757710196533
Return Distance (%),273.99691930452093
Volatility Distance (%),0.4996705699728814
Sharpe Distance (%),272.137457947313
Total Weights Change (L1),1.2611836348615513
Alpha,-0.14698423300382465
Beta,0.6549521635774581
