metric,value
Expected Return Distance,0.2249805473493171
Volatility Distance,-0.010429929655808023
Sharpe Ratio Distance,1.196447753675241
Return Distance (%),252.24047817407177
Volatility Distance (%),-5.155329111516005
Sharpe Distance (%),271.38668401119486
Total Weights Change (L1),1.20581954515263
Alpha,-0.14698424697997114
Beta,0.6549521944227394
