metric,raw_value,normalized_value
Current Sharpe,0.28307691385808925,0.4064464002519975
Optimal Sharpe,1.7470866976393757,1.0
Current Volatility,0.20152031345829455,0.15728569227361192
Optimal Volatility,0.19967112340282822,0.14968531370299673
