metric,raw_value,normalized_value
Current Sharpe,0.44086457595903517,0.4738303145735571
Optimal Sharpe,1.6373123296342762,1.0
Current Volatility,0.20231355613184002,0.18482137979518895
Optimal Volatility,0.191883626476032,0.13071368403797004
