metric,raw_value,normalized_value
Current Sharpe,0.28307697355317263,0.4180687336274572
Optimal Sharpe,1.7530176046518253,1.0
Current Volatility,0.20152033472888597,0.17729296341527012
Optimal Volatility,0.21570603750634282,0.24345127967430152
