metric,raw_value,normalized_value
Current Sharpe,0.4408645980770539,0.46540492710155174
Optimal Sharpe,1.640622308273587,1.0
Current Volatility,0.20231357768351715,0.1947446706661474
Optimal Volatility,0.2033244790902609,0.20021009047360847
