portfolio_type,expected_return,volatility,sharpe_ratio,historical_return,historical_volatility,alpha,beta
Current,0.08919289411097461,0.20231357768351715,0.4408645980770539,0.15497771548124684,0.20231357768351715,-0.14698423300382465,0.6549521635774581
Optimal,0.3335786762135885,0.2033244790902609,1.640622308273587,,,,
