portfolio_type,expected_return,volatility,sharpe_ratio
Current,0.05704576733312143,0.2015203347615873,0.2830769778177005
Optimal,0.3587662619981649,0.20450061674208195,1.754352958507916
