portfolio_type,expected_return,volatility,sharpe_ratio,historical_return,historical_volatility,alpha,beta
Current,0.057045753299508006,0.20152031926478628,0.28307692994746164,0.0757096549542684,0.20152031926478628,-0.18744045329206674,0.6666713464619068
Optimal,0.37352250251833413,0.20956872272994423,1.782338975266195,,,,
