portfolio_type,expected_return,volatility,sharpe_ratio
Current,0.057045762830058945,0.20152032636222797,0.2830769672708874
Optimal,0.3366286907797082,0.19706696414826,1.708194431444386
