portfolio_type,expected_return,volatility,sharpe_ratio
Current,0.057045762731620486,0.2015203336121495,0.2830769565983948
Optimal,0.36836872012038024,0.20874102281134035,1.7647164661701933
