portfolio_type,expected_return,volatility,sharpe_ratio
Current,0.05704576479587352,0.20152033043195738,0.28307697130903037
Optimal,0.4074293896594005,0.2335051143479926,1.7448413958600009
