portfolio_type,expected_return,volatility,sharpe_ratio
Current,0.05704577776233582,0.2015203396847473,0.2830770226547683
Optimal,0.37308450206539795,0.21051904826481485,1.7722125629035228
