portfolio_type,expected_return,volatility,sharpe_ratio,historical_return,historical_volatility,alpha,beta
Current,0.08919288013482811,0.20231355613184002,0.44086457595903517,0.15497769172496834,0.20231355613184002,-0.14698424697997114,0.6549521944227394
Optimal,0.31417342748414523,0.191883626476032,1.6373123296342762,,,,
