portfolio_type,expected_return,volatility,sharpe_ratio
Current,0.05704577291194876,0.20152034509660477,0.28307699098372513
Optimal,0.35249106743075165,0.20255268112441005,1.7402438983972166
