portfolio_type,expected_return,volatility,sharpe_ratio
Current,0.057045780632480864,0.20152034359006166,0.2830770314114043
Optimal,0.36916895860591675,0.21515373465949342,1.715838022473423
