portfolio_type,expected_return,volatility,sharpe_ratio,historical_return,historical_volatility,alpha,beta
Current,0.05704574841348879,0.20152031345829455,0.28307691385808925,0.07570964699167337,0.20152031345829455,-0.18744045817808597,0.6666713061051434
Optimal,0.34884276359979144,0.19967112340282822,1.7470866976393757,,,,
