num_operations,count,avg_sharpe_improvement
1,9963,44.547361967385264
2,10299,33.41785783522306
3,10701,27.07284847385059
4,10803,22.315143659692694
5,11212,19.145544250414932
